Metric,Messi,Ronaldo
Career Goals,896.0,954.0
Career Assists,407.0,259.0
Appearances,1137.0,1298.0
Goals per Match,0.788,0.735
Assists per Match,0.358,0.2
Key Passes,2032.0,1289.0
Throughballs,535.0,89.0
Successful Dribbles,4018.0,1948.0
Header Goals,30.0,156.0
Aerial Duels Won,166.0,1054.0
Total Shots,4111.0,5168.0
On-Target %,45.95,40.42
Penalties Scored,112.0,180.0
Penalty Conversion %,78.0,84.0
Free Kick Goals,69.0,64.0
Hat Tricks,60.0,66.0
Ballon d'Or Awards,8.0,5.0
Major Trophies,46.0,35.0
