Category,Messi,Ronaldo
CAREER OVERVIEW,,
Games,"1,137","1,298"
Goals,896,954 ✅
Assists,407,259
,,
EFFICIENCY METRICS,,
Goals per Game,0.79 ✅,0.73
Assists per Game,0.36 ✅,0.20
,,
CREATIVE SKILLS,,
Key Passes,"4,164 ✅","2,670"
Throughballs,535 ✅,89
Dribbles,"4,018 ✅","1,948"
,,
TECHNICAL SKILLS,,
Headed Goals,30,156 ✅
Aerial Duels Won,166,"1,054 ✅"
Total Shots,"4,111","5,168 ✅"
Shot Conversion,5.27 shots/goal ✅,6.43 shots/goal
,,
SPECIAL SITUATIONS,,
Penalty Conversion,78%,84% ✅
Free Kick Goals,69 ✅,64
,,
RECOGNITION,,
Ballon d'Or,8 ✅,5
Golden Boots,6 ✅,4
Total Trophies,46 ✅,35
,,
INTERNATIONAL,,
International Goals,115,143 ✅
World Cup,1 (2022) ✅,None
Major Tournaments,2 ✅,1
